Sun Apr 28 21:31:51 EDT 2024,1
Sun Apr 28 21:31:51 EDT 2024,2
Sun Apr 28 21:31:51 EDT 2024,1
Sun Apr 28 21:31:51 EDT 2024,2
Sun Apr 28 21:31:51 EDT 2024,1
Sun Apr 28 21:31:51 EDT 2024,0
Sun Apr 28 21:31:58 EDT 2024,1
Sun Apr 28 21:31:58 EDT 2024,2
Sun Apr 28 21:31:58 EDT 2024,1
Sun Apr 28 21:31:58 EDT 2024,2
Sun Apr 28 21:31:58 EDT 2024,1
Sun Apr 28 21:31:58 EDT 2024,0
Sun Apr 28 21:33:07 EDT 2024,1
Sun Apr 28 21:33:07 EDT 2024,2
Sun Apr 28 21:33:07 EDT 2024,1
Sun Apr 28 21:33:07 EDT 2024,2
Sun Apr 28 21:33:07 EDT 2024,1
Sun Apr 28 21:33:07 EDT 2024,0
